<?xml version="1.0" encoding="UTF-8"?>

<!-- 
 * i18n-l10n.xml
 *
 * Copyright (C) 2018 Universidad de Sevilla
 * 
 * The use of this project is hereby constrained to the conditions of the 
 * TDG Licence, a copy of which you may download from 
 * http://www.tdg-seville.info/License.html
 -->

<beans xmlns="http://www.springframework.org/schema/beans"
	xmlns:xsi="http://www.w3.org/2001/XMLSchema-instance" xmlns:util="http://www.springframework.org/schema/util"
	xsi:schemaLocation="
		http://www.springframework.org/schema/beans http://www.springframework.org/schema/beans/spring-beans-4.0.xsd
		http://www.springframework.org/schema/util http://www.springframework.org/schema/util/spring-util-4.0.xsd 
	">

	<util:list id="messages">
		<value>/views/master-page/messages</value>
		<value>/views/misc/messages</value>
		<value>/views/security/messages</value>		
		<value>/views/welcome/messages</value>
		
		<value>/views/administrator/messages</value>
		<value>/views/customer/messages</value>
		<value>/views/profile/messages</value>		
		
		<value>/views/fixupTask/messages</value>
		<value>/views/note/messages</value>
		<value>/views/miscellaneousRecord/messages</value>
		<value>/views/personalRecord/messages</value>
		<value>/views/folder/messages</value>
		<value>/views/message/messages</value>
		<value>/views/handyWorker/messages</value>
		<value>/views/tutorial/messages</value>
		
		<value>/views/report/messages</value>
		<value>/views/section/messages</value>
		<value>/views/socialprofile/messages</value>
		<value>/views/settings/messages</value>
		<value>/views/referee/messages</value>
		
		<value>/views/category/messages</value>
		<value>/views/application/messages</value>
		<value>/views/complaint/messages</value>
		<value>/views/actor/messages</value>
		<value>/views/sponsor/messages</value>
		<value>/views/sponsorship/messages</value>
		<value>/views/warranty/messages</value>
		<value>/views/workplan/messages</value>
		
		
		
		<value>/views/phase/messages</value>
		
		<value>/views/educationRecord/messages</value>
		<value>/views/professionalRecord/messages</value>
		<value>/views/curriculum/messages</value>
		<value>/views/endorserRecord/messages</value>
		<value>/views/endorsement/messages</value>
		
		<!-- <value>/views/finder/messages</value> -->
		
		
		

	</util:list>

</beans>