<?xml version="1.0" encoding="UTF-8"?>

<!-- 
 * security.xml
 *
 * Copyright (C) 2018 Universidad de Sevilla
 * 
 * The use of this project is hereby constrained to the conditions of the 
 * TDG Licence, a copy of which you may download from 
 * http://www.tdg-seville.info/License.html
 -->

<beans xmlns="http://www.springframework.org/schema/beans"
	xmlns:xsi="http://www.w3.org/2001/XMLSchema-instance" xmlns:security="http://www.springframework.org/schema/security"	
	xsi:schemaLocation="
		http://www.springframework.org/schema/beans http://www.springframework.org/schema/beans/spring-beans-4.0.xsd		
        http://www.springframework.org/schema/security http://www.springframework.org/schema/security/spring-security-3.2.xsd
    ">

	<!-- Security infrastructure -->

	<bean id="loginService" class="security.LoginService" />

	<bean id="passwordEncoder"
		class="org.springframework.security.authentication.encoding.Md5PasswordEncoder" />

	<!-- Access control -->

	<security:http auto-config="true" use-expressions="true">
		<security:intercept-url pattern="/" access="permitAll" /> 

		<security:intercept-url pattern="/favicon.ico" access="permitAll" /> 
		<security:intercept-url pattern="/images/**" access="permitAll" /> 
		<security:intercept-url pattern="/scripts/**" access="permitAll" /> 
		<security:intercept-url pattern="/styles/**" access="permitAll" /> 

		<security:intercept-url pattern="/views/misc/index.jsp" access="permitAll" /> 
		
		<security:intercept-url pattern="/security/signup.do" access="isAnonymous()" />

		<security:intercept-url pattern="/security/login.do" access="permitAll" /> 
		<security:intercept-url pattern="/security/loginFailure.do" access="permitAll" /> 

		<security:intercept-url pattern="/welcome/index.do" access="permitAll" /> 

		<security:intercept-url pattern="/administrator/action-1.do" access="hasRole('ADMIN')" /> 
		<security:intercept-url pattern="/administrator/action-2.do" access="hasRole('ADMIN')" /> 
		<security:intercept-url pattern="/administrator/**" access="hasRole('ADMIN')" /> 
		

		<security:intercept-url pattern="/customer/action-1.do" access="hasRole('CUSTOMER')" /> 
		<security:intercept-url pattern="/customer/action-2.do" access="hasRole('CUSTOMER')" /> 

		<security:intercept-url pattern="/profile/action-1.do" access="isAuthenticated()" /> 
		<security:intercept-url pattern="/profile/action-2.do" access="isAuthenticated()" /> 
		<security:intercept-url pattern="/profile/action-3.do" access="isAuthenticated()" /> 
		
		<security:intercept-url pattern="/fixupTask/endorsable/**" access="hasAnyRole('HANDYWORKER','CUSTOMER')"  />
		<security:intercept-url pattern="/fixupTask/customer/**" access="hasRole('CUSTOMER')"  />
		<security:intercept-url pattern="/fixupTask/handyworker/**" access="hasRole('HANDYWORKER')"  />
		<security:intercept-url pattern="/tutorial/**" access="hasRole('HANDYWORKER')" />
		<security:intercept-url pattern="/note/**"
			access="hasRole('REFEREE')" />
		<security:intercept-url pattern="/miscellaneousRecord/**" access="hasRole('HANDYWORKER')" /> 
		<security:intercept-url pattern="/personalRecord/**" access="hasRole('HANDYWORKER')" /> 
		<security:intercept-url pattern="/message/**" access="isAuthenticated()" /> 
		<security:intercept-url pattern="/folder/**" access="isAuthenticated()" /> 
		<security:intercept-url pattern="/handyWorker/**" access="isAuthenticated()" />
		<security:intercept-url pattern="/report/actor/**" access="isAuthenticated()" />
		<security:intercept-url pattern="/report/referee/**" access="hasRole('REFEREE')" />
		
		<security:intercept-url pattern="/section/actor/**" access="isAuthenticated()" />
		<security:intercept-url pattern="/section/handyworker/**" access="hasRole('HANDYWORKER')" />
		
		<security:intercept-url pattern="/socialprofile/actor/**" access="isAuthenticated()" />
		
		<security:intercept-url pattern="/category/**" access="hasRole('ADMIN')" />
		<security:intercept-url access="hasRole('ADMIN')" pattern="/category/administrator/create.do"/>
		<security:intercept-url access="hasRole('ADMIN')" pattern="/category/administrator/edit.do"/>
		<security:intercept-url access="hasRole('ADMIN')" pattern="/category/administrator/delete.do"/>
<!-- 				
		<security:intercept-url pattern="/application/list.do" access="hasAnyRole('HANDYWORKER' , 'CUSTOMER')" /> 
		<security:intercept-url pattern="/application/display.do" access="hasAnyRole('HANDYWORKER' , 'CUSTOMER')" /> 
		<security:intercept-url pattern="/application/edit.do" access="hasAnyRole('HANDYWORKER' , 'CUSTOMER')" /> 
		<security:intercept-url pattern="/application/create.do" access="hasRole('HANDYWORKER')" /> 
-->
	
		<security:intercept-url pattern="/application/endorsable/**" access="hasAnyRole('HANDYWORKER' , 'CUSTOMER')" /> 
		<security:intercept-url pattern="/application/handyworker/**" access="hasRole('HANDYWORKER')" /> 
		<security:intercept-url pattern="/application/customer/**" access="hasRole('CUSTOMER')" /> 

		<security:intercept-url pattern="/referee/referee/**" access="hasRole('REFEREE')" />
		<security:intercept-url pattern="/referee/referee-administrator/**" access="hasAnyRole('REFEREE', 'ADMIN')" />
		<security:intercept-url pattern="/referee/administrator/**" access="hasRole('ADMIN')" />
		
		<security:intercept-url pattern="/settings/administrator/**" access="hasRole('ADMIN')" />
		
		<security:intercept-url pattern="/educationRecord/**" access="hasRole('HANDYWORKER')" />
		<security:intercept-url pattern="/endorserRecord/**" access="hasRole('HANDYWORKER')" />
		<security:intercept-url pattern="/professionalRecord/**" access="hasRole('HANDYWORKER')" />
		<security:intercept-url pattern="/workPlan/**" access="hasRole('HANDYWORKER')" />
		<security:intercept-url pattern="/warranty/**" access="hasRole('ADMIN')" />
		<security:intercept-url access="hasRole('HANDYWORKER')" pattern="/educationRecord/handyWorker/list.do"/>
		
		<security:intercept-url pattern="/curriculum/**" access="hasRole('HANDYWORKER')" />
		
		
		<security:intercept-url pattern="/endorsable/customer/**" access="hasAnyRole('CUSTOMER','HANDYWORKER')" />
		
		<security:intercept-url pattern="/customer/**" access="hasRole('CUSTOMER')" />
		
		
		<security:intercept-url pattern="/complaint/**" access="hasRole('CUSTOMER')" />
		<security:intercept-url pattern="/actor/**" access="hasRole('ADMIN')" />
		
		<security:intercept-url pattern="/none/customer/create.do" access="isAnonymous()" />
		<security:intercept-url pattern="/none/handyWorker/create.do" access="isAnonymous()" />
		<security:intercept-url pattern="/none/sponsor/create.do" access="isAnonymous()" />
		
		<security:intercept-url pattern="/endorsement/**" access="hasAnyRole('HANDYWORKER','CUSTOMER')" />
		
		<security:intercept-url pattern="/phase/**" access="hasRole('HANDYWORKER')" />
	
		
		
		
		
		
		
		
		
		
		
			
	
		<security:intercept-url pattern="/**" access="hasRole('NONE')" />
		
		

		<security:form-login 
			login-page="/security/login.do"
			password-parameter="password" 
			username-parameter="username"
			authentication-failure-url="/security/loginFailure.do" />

		<security:logout 
			logout-success-url="/" 
			invalidate-session="true" />
	</security:http>

</beans>