<?xml version="1.0" encoding="UTF-8"?>

<!-- * PopulateDatabase.xml * * Copyright (C) 2018 Universidad de Sevilla 
	* * The use of this project is hereby constrained to the conditions of the 
	* TDG Licence, a copy of which you may download from * http://www.tdg-seville.info/License.html -->

<beans xmlns="http://www.springframework.org/schema/beans"
	xmlns:xsi="http://www.w3.org/2001/XMLSchema-instance"
	xsi:schemaLocation="
		http://www.springframework.org/schema/beans http://www.springframework.org/schema/beans/spring-beans.xsd
	">

	<!-- Date formats -->

	<bean id="completeDateFormat" class="java.text.SimpleDateFormat">
		<constructor-arg value="dd/MM/yyyy HH:mm:ss" />
	</bean>

	<!-- User accounts -->

	<bean id="userAccount1" class="security.UserAccount">
		<property name="username" value="admin1" />
		<property name="password" value="e00cf25ad42683b3df678c61f42c6bda" />
		<property name="banned" value="false" />
		<property name="authorities">
			<list>
				<bean class="security.Authority">
					<property name="authority" value="ADMIN" />
				</bean>
			</list>
		</property>
	</bean>
	
	<!-- La contraseña de system es intencional, no se puede acceder a esta cuenta -->
	
	<bean id="userAccountSystem" class="security.UserAccount">
		<property name="username" value="system" />
		<property name="password" value="system" />
		<property name="banned" value="false" />
		<property name="authorities">
			<list>
				<bean class="security.Authority">
					<property name="authority" value="ADMIN" />
				</bean>
			</list>
		</property>
	</bean>

	<bean id="userAccount15" class="security.UserAccount">
		<property name="username" value="admin2" />
		<property name="password" value="c84258e9c39059a89ab77d846ddab909" />
		<property name="banned" value="false" />
		<property name="authorities">
			<list>
				<bean class="security.Authority">
					<property name="authority" value="ADMIN" />
				</bean>
			</list>
		</property>
	</bean>

	<bean id="userAccount2" class="security.UserAccount">
		<property name="username" value="customer1" />
		<property name="password" value="ffbc4675f864e0e9aab8bdf7a0437010" />
		<property name="banned" value="false" />
		<property name="authorities">
			<list>
				<bean class="security.Authority">
					<property name="authority" value="CUSTOMER" />
				</bean>
			</list>
		</property>
	</bean>

	<bean id="userAccount4" class="security.UserAccount">
		<property name="username" value="customer2" />
		<property name="password" value="5ce4d191fd14ac85a1469fb8c29b7a7b" />
		<property name="banned" value="false" />
		<property name="authorities">
			<list>
				<bean class="security.Authority">
					<property name="authority" value="CUSTOMER" />
				</bean>
			</list>
		</property>
	</bean>

	<bean id="userAccount5" class="security.UserAccount">
		<property name="username" value="customer3" />
		<property name="password" value="033f7f6121501ae98285ad77f216d5e7" />
		<property name="banned" value="false" />
		<property name="authorities">
			<list>
				<bean class="security.Authority">
					<property name="authority" value="CUSTOMER" />
				</bean>
			</list>
		</property>
	</bean>

	<bean id="userAccount6" class="security.UserAccount">
		<property name="username" value="customer4" />
		<property name="password" value="55feb130be438e686ad6a80d12dd8f44" />
		<property name="banned" value="false" />
		<property name="authorities">
			<list>
				<bean class="security.Authority">
					<property name="authority" value="CUSTOMER" />
				</bean>
			</list>
		</property>
	</bean>

	<bean id="userAccount7" class="security.UserAccount">
		<property name="username" value="referee1" />
		<property name="password" value="092d469d0a71c8002e32f808b861f9a4" />
		<property name="banned" value="false" />
		<property name="authorities">
			<list>
				<bean class="security.Authority">
					<property name="authority" value="REFEREE" />
				</bean>
			</list>
		</property>
	</bean>


	<bean id="userAccount14" class="security.UserAccount">
		<property name="username" value="handyWorker1" />
		<property name="password" value="78da4cd657c85d3cf54ae4497ed223f2" />
		<property name="banned" value="false" />
		<property name="authorities">
			<list>
				<bean class="security.Authority">
					<property name="authority" value="HANDYWORKER" />
				</bean>
			</list>
		</property>
	</bean>


	<bean id="userAccount8" class="security.UserAccount">
		<property name="username" value="handyWorker2" />
		<property name="password" value="118ad5acc8ff3ea8006c280b310cd492" />
		<property name="banned" value="false" />
		<property name="authorities">
			<list>
				<bean class="security.Authority">
					<property name="authority" value="HANDYWORKER" />
				</bean>
			</list>
		</property>
	</bean>


	<bean id="userAccount9" class="security.UserAccount">
		<property name="username" value="handyWorker3" />
		<property name="password" value="c210fdd660ad5034b88ad8bb9c135c26" />
		<property name="banned" value="false" />
		<property name="authorities">
			<list>
				<bean class="security.Authority">
					<property name="authority" value="HANDYWORKER" />
				</bean>
			</list>
		</property>
	</bean>


	<bean id="userAccount10" class="security.UserAccount">
		<property name="username" value="handyWorker4" />
		<property name="password" value="e14d43d31080bd377e4984615da9f3aa" />
		<property name="banned" value="false" />
		<property name="authorities">
			<list>
				<bean class="security.Authority">
					<property name="authority" value="HANDYWORKER" />
				</bean>
			</list>
		</property>
	</bean>


	<bean id="userAccount11" class="security.UserAccount">
		<property name="username" value="sponsor1" />
		<property name="password" value="42c63ad66d4dc07ed17753772bef96d6" />
		<property name="banned" value="false" />
		<property name="authorities">
			<list>
				<bean class="security.Authority">
					<property name="authority" value="SPONSOR" />
				</bean>
			</list>
		</property>
	</bean>


	<bean id="userAccount12" class="security.UserAccount">
		<property name="username" value="sponsor2" />
		<property name="password" value="3dc67f80a03324e01b1640f45d107485" />
		<property name="banned" value="false" />
		<property name="authorities">
			<list>
				<bean class="security.Authority">
					<property name="authority" value="SPONSOR" />
				</bean>
			</list>
		</property>
	</bean>


	<bean id="userAccount13" class="security.UserAccount">
		<property name="username" value="sponsor3" />
		<property name="password" value="857a54956061fdc1b88d7722cafe6519" />
		<property name="banned" value="false" />
		<property name="authorities">
			<list>
				<bean class="security.Authority">
					<property name="authority" value="SPONSOR" />
				</bean>
			</list>
		</property>
	</bean>






	<!-- Other domain beans come here -->

	<!-- Administrators -->

	<bean id="administrator1" class="domain.Administrator">
		<property name="name" value="Mario" />
		<property name="middleName" value="Xavier" />
		<property name="surname" value="García" />
		<property name="photo"
			value="https://cdn.pixabay.com/photo/2017/06/26/02/47/people-2442565_960_720.jpg" />
		<property name="email" value="maxagar@gmail.com" />
		<property name="phone" value="+34(456)123456789" />
		<property name="address" value="C/Calle, 32" />
		<property name="suspicious" value="true" />
		<property name="userAccount" ref="userAccount1" />
	</bean>
	
	<bean id="system" class="domain.Administrator">
		<property name="name" value="System" />
		<property name="middleName" value="System" />
		<property name="surname" value="System" />
		<property name="email" value="system@system.sys" />
		<property name="address" value="C/System, 32" />
		<property name="suspicious" value="false" />
		<property name="userAccount" ref="userAccountSystem" />
	</bean>

	<bean id="administrator2" class="domain.Administrator">
		<property name="name" value="Clara" />
		<property name="surname" value="Prats" />
		<property name="email" value="maxagar@gmail.com" />
		<property name="phone" value="+34(456)123456759" />
		<property name="suspicious" value="false" />
		<property name="userAccount" ref="userAccount15" />
	</bean>

	<!-- Application -->

	<bean id="application1" class="domain.Application">
		<property name="price" value="3.14" />
		<property name="moment">
			<bean id="momentApplication1" factory-bean="completeDateFormat"
				factory-method="parse">
				<constructor-arg value="28/10/2017 23:59:59" />
			</bean>
		</property>
		<property name="creditCard">
			<bean name="creditCardApplication4" class="domain.CreditCard">
				<property name="holderName" value="Paco Pepe Pérez" />
				<property name="brandName" value="VISA" />
				<property name="number" value="4556042640541332" />
				<property name="expirationDate">
					<bean id="expirationDateCreditCard2" factory-bean="completeDateFormat"
						factory-method="parse">
						<constructor-arg value="28/10/2020 23:59:59" />
					</bean>
				</property>
				<property name="cvvCode" value="452" />
			</bean>
		</property>
		<property name="status" value="ACCEPTED" />
		<property name="workerComments" value="I work hard" />
		<property name="handyWorker" ref="handyWorker1" />
		<property name="fixupTask" ref="fixupTask1" />
	</bean>
	
	<bean id="application6" class="domain.Application">
		<property name="price" value="3.14" />
		<property name="moment">
			<bean id="momentApplication1" factory-bean="completeDateFormat"
				factory-method="parse">
				<constructor-arg value="28/10/2017 23:59:59" />
			</bean>
		</property>
		<property name="status" value="REJECTED" />
		<property name="workerComments" value="I work hard" />
		<property name="handyWorker" ref="handyWorker1" />
		<property name="fixupTask" ref="fixupTask2" />
	</bean>
	
	<bean id="application7" class="domain.Application">
		<property name="price" value="3.14" />
		<property name="moment">
			<bean id="momentApplication1" factory-bean="completeDateFormat"
				factory-method="parse">
				<constructor-arg value="28/10/2017 23:59:59" />
			</bean>
		</property>
		<property name="status" value="PENDING" />
		<property name="workerComments" value="I work hard" />
		<property name="handyWorker" ref="handyWorker1" />
		<property name="fixupTask" ref="fixupTask3" />
	</bean>

	<bean id="application2" class="domain.Application">
		<property name="price" value="12.34" />
		<property name="moment">
			<bean id="momentApplication2" factory-bean="completeDateFormat"
				factory-method="parse">
				<constructor-arg value="31/10/2018 00:00:00" />
			</bean>
		</property>
		<property name="status" value="PENDING" />
		<property name="workerComments" value="I work very hard" />
		<property name="customerComments" value="OK" />
		<property name="creditCard">
			<bean name="creditCardApplication2" class="domain.CreditCard">
				<property name="holderName" value="Paco Pepe Pérez" />
				<property name="brandName" value="VISA" />
				<property name="number" value="4556042640541332" />
				<property name="expirationDate">
					<bean id="expirationDateCreditCard2" factory-bean="completeDateFormat"
						factory-method="parse">
						<constructor-arg value="28/10/2020 23:59:59" />
					</bean>
				</property>
				<property name="cvvCode" value="452" />
			</bean>
		</property>
		<property name="handyWorker" ref="handyWorker2" />
		<property name="fixupTask" ref="fixupTask2" />
	</bean>

	<bean id="application3" class="domain.Application">
		<property name="price" value="10.43" />
		<property name="moment">
			<bean id="momentApplication3" factory-bean="completeDateFormat"
				factory-method="parse">
				<constructor-arg value="12/10/2017 00:00:00" />
			</bean>
		</property>
		<property name="creditCard">
			<bean name="creditCardApplication5" class="domain.CreditCard">
				<property name="holderName" value="Paco Pepe Pérez" />
				<property name="brandName" value="VISA" />
				<property name="number" value="4556042640541332" />
				<property name="expirationDate">
					<bean id="expirationDateCreditCard2" factory-bean="completeDateFormat"
						factory-method="parse">
						<constructor-arg value="28/10/2020 23:59:59" />
					</bean>
				</property>
				<property name="cvvCode" value="452" />
			</bean>
		</property>
		<property name="status" value="ACCEPTED" />
		<property name="handyWorker" ref="handyWorker3" />
		<property name="fixupTask" ref="fixupTask3" />
	</bean>
	
	
	<bean id="application4" class="domain.Application">
		<property name="price" value="11.34" />
		<property name="moment">
			<bean id="momentApplication4" factory-bean="completeDateFormat"
				factory-method="parse">
				<constructor-arg value="31/10/2018 00:00:00" />
			</bean>
		</property>
		<property name="status" value="ACCEPTED" />
		<property name="workerComments" value="I work very hard" />
		<property name="customerComments" value="OK" />
		<property name="creditCard">
			<bean name="creditCardApplication4" class="domain.CreditCard">
				<property name="holderName" value="Paco Pepe Pérez" />
				<property name="brandName" value="VISA" />
				<property name="number" value="4556042640541332" />
				<property name="expirationDate">
					<bean id="expirationDateCreditCard4" factory-bean="completeDateFormat"
						factory-method="parse">
						<constructor-arg value="28/10/2020 23:59:59" />
					</bean>
				</property>
				<property name="cvvCode" value="452" />
			</bean>
		</property>
		<property name="handyWorker" ref="handyWorker4" />
		<property name="fixupTask" ref="fixupTask2" />
	</bean>
	
	<bean id="application5" class="domain.Application">
		<property name="price" value="1.00" />
		<property name="moment">
			<bean id="momentApplication4" factory-bean="completeDateFormat"
				factory-method="parse">
				<constructor-arg value="31/10/2018 00:00:00" />
			</bean>
		</property>
		<property name="status" value="ACCEPTED" />
		<property name="workerComments" value="I work very hard" />
		<property name="customerComments" value="OK" />
		<property name="creditCard">
			<bean name="creditCardApplication4" class="domain.CreditCard">
				<property name="holderName" value="Paco Pepe Pérez" />
				<property name="brandName" value="VISA" />
				<property name="number" value="4556042640541332" />
				<property name="expirationDate">
					<bean id="expirationDateCreditCard4" factory-bean="completeDateFormat"
						factory-method="parse">
						<constructor-arg value="28/10/2020 23:59:59" />
					</bean>
				</property>
				<property name="cvvCode" value="452" />
			</bean>
		</property>
		<property name="handyWorker" ref="handyWorker1" />
		<property name="fixupTask" ref="fixupTask4" />
	</bean>

	<!-- Categories -->

	<bean id="categoryRoot" class="domain.Category">
		<property name="nameEnglish" value="CATEGORY" />
		<property name="nameSpanish" value="CATEGORÍA" />
		<property name="parentCategory" ref="categoryRoot" />
	</bean>

	<bean id="categoryCarpentry" class="domain.Category">
		<property name="nameEnglish" value="Carpentry" />
		<property name="nameSpanish" value="Carpintería" />
		<property name="parentCategory" ref="categoryRoot" />
	</bean>

	<bean id="categoryCeilingRepair" class="domain.Category">
		<property name="nameEnglish" value="CeilingRepair" />
		<property name="nameSpanish" value="Reparación de techos" />
		<property name="parentCategory" ref="categoryConcreteWork" />
	</bean>

	<bean id="categoryCleaning" class="domain.Category">
		<property name="nameEnglish" value="Cleaning" />
		<property name="nameSpanish" value="Limpieza" />
		<property name="parentCategory" ref="categoryRoot" />
	</bean>

	<bean id="categoryConcreteWork" class="domain.Category">
		<property name="nameEnglish" value="ConcreteWork" />
		<property name="nameSpanish" value="Trabajos con hormigón" />
		<property name="parentCategory" ref="categoryRoot" />
	</bean>

	<bean id="categoryDoors" class="domain.Category">
		<property name="nameEnglish" value="Doors" />
		<property name="nameSpanish" value="Puertas" />
		<property name="parentCategory" ref="categoryCarpentry" />
	</bean>

	<bean id="categoryElectricalWiring" class="domain.Category">
		<property name="nameEnglish" value="ElectricalWiring" />
		<property name="nameSpanish" value="Cableado Eléctrico" />
		<property name="parentCategory" ref="categoryRoot" />
	</bean>

	<bean id="categoryFanInstallation" class="domain.Category">
		<property name="nameEnglish" value="FanInstallation" />
		<property name="nameSpanish" value="Instalación de ventiladores" />
		<property name="parentCategory" ref="categoryElectricalWiring" />
	</bean>

	<bean id="categoryFenceFixing" class="domain.Category">
		<property name="nameEnglish" value="FenceFixing" />
		<property name="nameSpanish" value="Reparación de vallas" />
		<property name="parentCategory" ref="categoryHomeSecuritySystems" />
	</bean>

	<bean id="categoryHomeSecuritySystems" class="domain.Category">
		<property name="nameEnglish" value="HomeSecuritySystems" />
		<property name="nameSpanish" value="Sistemas de seguridad para el hogar" />
		<property name="parentCategory" ref="categoryRoot" />
	</bean>

	<bean id="categoryInsulationInstallation" class="domain.Category">
		<property name="nameEnglish" value="InsulationInstallation" />
		<property name="nameSpanish" value="Instalación de aislamiento" />
		<property name="parentCategory" ref="categoryRoot" />
	</bean>

	<bean id="categoryLampRepairs" class="domain.Category">
		<property name="nameEnglish" value="LampRepairs" />
		<property name="nameSpanish" value="Reparación de lámparas" />
		<property name="parentCategory" ref="categoryElectricalWiring" />
	</bean>

	<bean id="categoryMoving" class="domain.Category">
		<property name="nameEnglish" value="Moving" />
		<property name="nameSpanish" value="Mudanzas" />
		<property name="parentCategory" ref="categoryRoot" />
	</bean>

	<bean id="categoryPainting" class="domain.Category">
		<property name="nameEnglish" value="Painting" />
		<property name="nameSpanish" value="Pintado" />
		<property name="parentCategory" ref="categoryRoot" />
	</bean>

	<bean id="categoryPestControl" class="domain.Category">
		<property name="nameEnglish" value="PestControl" />
		<property name="nameSpanish" value="Control de plagas" />
		<property name="parentCategory" ref="categoryCleaning" />
	</bean>

	<bean id="categoryPlumbingRepairs" class="domain.Category">
		<property name="nameEnglish" value="PlumbingRepairs" />
		<property name="nameSpanish" value="Reparación de tuberías" />
		<property name="parentCategory" ref="categoryRoot" />
	</bean>

	<bean id="categoryRoofing" class="domain.Category">
		<property name="nameEnglish" value="Roofing" />
		<property name="nameSpanish" value="Techado" />
		<property name="parentCategory" ref="categoryConcreteWork" />
	</bean>

	<bean id="categoryShelfInstallation" class="domain.Category">
		<property name="nameEnglish" value="ShelfInstallation" />
		<property name="nameSpanish" value="Instalación de estanterías" />
		<property name="parentCategory" ref="categoryCarpentry" />
	</bean>

	<bean id="categorySolarPanels" class="domain.Category">
		<property name="nameEnglish" value="SolarPanels" />
		<property name="nameSpanish" value="Paneles Solares" />
		<property name="parentCategory" ref="categoryElectricalWiring" />
	</bean>

	<bean id="categorySoundProofing" class="domain.Category">
		<property name="nameEnglish" value="SoundProofing" />
		<property name="nameSpanish" value="Amortiguación de sonido" />
		<property name="parentCategory" ref="categoryInsulationInstallation" />
	</bean>

	<bean id="categorySprinklerRepair" class="domain.Category">
		<property name="nameEnglish" value="SprinklerRepair" />
		<property name="nameSpanish" value="Reparación de aspersores" />
		<property name="parentCategory" ref="categoryElectricalWiring" />
	</bean>

	<bean id="categoryWindowRepair" class="domain.Category">
		<property name="nameEnglish" value="WindowRepair" />
		<property name="nameSpanish" value="Reparación de ventanas" />
		<property name="parentCategory" ref="categoryCarpentry" />
	</bean>

	<!-- Complaints -->

	<bean id="complaint1" class="domain.Complaint">
		<property name="ticker" value="181103-RTIB32" />
		<property name="moment">
			<bean id="momentComplaint1" factory-bean="completeDateFormat"
				factory-method="parse">
				<constructor-arg value="03/11/2018 23:59:59" />
			</bean>
		</property>
		<property name="description" value="This fix is a fake" />
		<property name="attachments">
			<list>
				<bean id="url1Complaint1" class="domain.Url">
					<property name="url" value="https://trello-attachments.s3.amazonaws.com/5bdc2fda6f3ec4653ca5ca0e/5bdc38d6221aa411081293c9/0fd144293b39a447a86f3586caa178ac/Acme_Handy_Worker.pdf" />
				</bean>
				<bean id="url2Complaint1" class="domain.Url">
					<property name="url" value="https://github.com/DP1819/D03/tree/master/src/main" />
				</bean>
			</list>
		</property>
		<property name="fixuptask" ref="fixupTask2" />
		<property name="referee" ref="referee1" />
	</bean>

	<bean id="complaint2" class="domain.Complaint">
		<property name="ticker" value="181103-43ION6" />
		<property name="moment">
			<bean id="momentComplaint2" factory-bean="completeDateFormat"
				factory-method="parse">
				<constructor-arg value="03/11/2018 23:59:59" />
			</bean>
		</property>
		<property name="description" value="This fix is a fake" />
		<property name="attachments">
			<list />
		</property>
		<property name="fixuptask" ref="fixupTask2" />
	</bean>
	
	<bean id="complaint3" class="domain.Complaint">
		<property name="ticker" value="126532-EFEFG2" />
		<property name="moment">
			<bean id="momentComplaint3" factory-bean="completeDateFormat"
				factory-method="parse">
				<constructor-arg value="03/11/2018 23:59:59" />
			</bean>
		</property>
		<property name="description" value="This fix is a fake 2" />
		<property name="attachments">
			<list />
		</property>
		<property name="fixuptask" ref="fixupTask3" />
	</bean>
	
	<bean id="complaint4" class="domain.Complaint">
		<property name="ticker" value="126532-EFERG2" />
		<property name="moment">
			<bean id="momentComplaint3" factory-bean="completeDateFormat"
				factory-method="parse">
				<constructor-arg value="03/11/2018 23:59:59" />
			</bean>
		</property>
		<property name="description" value="This fix is a fakest" />
		<property name="attachments">
			<list />
		</property>
		<property name="fixuptask" ref="fixupTask1" />
	</bean>
	
	<bean id="complaint5" class="domain.Complaint">
		<property name="ticker" value="128632-EFEFG2" />
		<property name="moment">
			<bean id="momentComplaint3" factory-bean="completeDateFormat"
				factory-method="parse">
				<constructor-arg value="03/11/2018 23:59:59" />
			</bean>
		</property>
		<property name="description" value="This fix is a feik 2" />
		<property name="attachments">
			<list />
		</property>
		<property name="fixuptask" ref="fixupTask5" />
	</bean>

	<!-- Curricula -->

	
	
	
	
	


	<!-- ________________________PersonalRecord________________________________________ -->

	<!-- _____________________________Miscellaneous Records___________________________________ -->

	<!-- ___________________Professional Records___________________________________ -->
	
	<!-- ___________________Customers___________________________________ -->
	<bean id="customer1" class="domain.Customer">
		<property name="name" value="Alfonso"></property>
		<property name="middleName" value="HackerMan"></property>
		<property name="surname" value="Alarcon"></property>
		<property name="photo"
			value="https://cdn.pixabay.com/user/2015/01/20/20-56-42-330_250x250.jpg"></property>
		<property name="email" value="uncorreonormal@hotmail.com"></property>
		<property name="phone" value="+34(456)123456718"></property>
		<property name="address" value="C/ sal y arena"></property>
		<property name="suspicious" value="false"></property>
		<property name="score" value="0.75"></property>
		<property name="userAccount" ref="userAccount2"></property>
		<property name="fixupTasks">
			<list>
				<ref bean="fixupTask1" />
				<ref bean="fixupTask5" />
			</list>
		</property> 
	</bean>

	<bean id="customer2" class="domain.Customer">
		<property name="name" value="Pablo"></property>
		<property name="middleName" value="HackerBoy"></property>
		<property name="surname" value="Pino"></property>
		<property name="photo"
			value="https://cdn.pixabay.com/user/2015/01/20/20-56-42-330_250x250.jpg"></property>
		<property name="email" value="uncorreomaslargo@hotmail.com"></property>
		<property name="phone" value="+34(456)123456717"></property>
		<property name="address" value="C/ esperanza de rafael"></property>
		<property name="suspicious" value="false"></property>
		<property name="score" value="0.75"></property>
		<property name="userAccount" ref="userAccount4">
		</property>
		<property name="fixupTasks">
			<list>
				<ref bean="fixupTask2" />
			</list>
		</property> 
	</bean>

	<bean id="customer3" class="domain.Customer">
		<property name="name" value="Juan"></property>
		<property name="middleName" value=""></property>
		<property name="surname" value="De la Aceituna"></property>
		<property name="photo"
			value="https://cdn.pixabay.com/user/2015/01/20/20-56-42-330_250x250.jpg"></property>
		<property name="email" value="juandelaaceitunaynooliva@hotmail.com"></property>
		<property name="phone" value="+34(456)123456716"></property>
		<property name="address" value="C/ Perdida de la mano de Dios"></property>
		<property name="suspicious" value="false"></property>
		<property name="score" value="0.81"></property>
		<property name="userAccount" ref="userAccount5"></property>
		<property name="fixupTasks">
			<list>
				<ref bean="fixupTask3" />
			</list>
		</property> 
	</bean>

	<bean id="customer4" class="domain.Customer">
		<property name="name" value="Elena"></property>
		<property name="middleName" value="TomasLena"></property>
		<property name="surname" value="Molina"></property>
		<property name="photo"
			value="https://cdn.pixabay.com/user/2015/01/20/20-56-42-330_250x250.jpg"></property>
		<property name="email" value="tomaslena@hotmail.com"></property>
		<property name="phone" value="+34(456)123456715"></property>
		<property name="address" value="C/ pasada la estacion del ave"></property>
		<property name="suspicious" value="false"></property>
		<property name="score" value="0.65"></property>
		<property name="userAccount" ref="userAccount6"></property>
		<property name="fixupTasks">
			<list>
				<ref bean="fixupTask4" />
			</list>
		</property> 
	</bean>
	
	<!-- Referee -->

	<bean id="referee1" class="domain.Referee">
		<property name="name" value="Felipe"></property>
		<property name="middleName" value="HackerMan2"></property>
		<property name="surname" value="Trinidad"></property>
		<property name="photo"
			value="https://cdn.pixabay.com/user/2015/01/20/20-56-42-330_250x250.jpg"></property>
		<property name="email" value="uncorreonormal@hotmail.com"></property>
		<property name="phone" value="+34(456)123456714"></property>
		<property name="address" value="C/ se señor"></property>
		<property name="suspicious" value="false"></property>
		<property name="userAccount" ref="userAccount7"></property>
	</bean>


	<!-- ___________________Reports___________________________________ -->

	<bean id="report1" class="domain.Report">
		<property name="description" value="Descripcion 1"></property>
		<property name="moment" value="May 29, 2012 15:00"></property>
		<property name="attachments">
			<list>
				<bean id="url1Report1" class="domain.Url">
					<property name="url" value="https://www.lifewire.com/thmb/-h08oONgxcBRcaYOTiMuJd8ogVU=/768x0/filters:no_upscale():max_bytes(150000):strip_icc()/GettyImages-469187056-57cdf0a45f9b5829f4457c9a.jpg" />
				</bean>
			</list>
		</property>
		<property name="draft" value="true"></property>
		<property name="complaint" ref="complaint1"></property>
		<property name="notes">
			<list>
				<ref bean="note1" />
			</list>
		</property>
	</bean>


	<bean id="report2" class="domain.Report">
		<property name="description" value="Descripcion 2"></property>
		<property name="moment" value="May 29, 2012 15:00"></property>
		<property name="attachments">
			<bean id="url1Report2" class="domain.Url">
				<property name="url" value="https://www.lifewire.com/thmb/-h08oONgxcBRcaYOTiMuJd8ogVU=/768x0/filters:no_upscale():max_bytes(150000):strip_icc()/GettyImages-469187056-57cdf0a45f9b5829f4457c9a.jpg" />
			</bean>
		</property>
		<property name="draft" value="true"></property>
		<property name="complaint" ref="complaint2"></property>
		<property name="notes">
			<list>
				<ref bean="note2" />
				<ref bean="note3" />
			</list>
		</property>
	</bean>
	<!-- ___________________Education Records___________________________________ -->

	<!-- ___________________Endorsers Records___________________________________ -->

	<!-- ___________________Finders __________________________________ -->

	<bean id="finder1" class="domain.Finder">
		<property name="keyword" value="cocina"></property>
		<property name="maxPrice" value="1200.0"></property>
		<property name="minPrice" value="2200.0"></property>
		<property name="handyWorker" ref="handyWorker1"></property>
	</bean>

	<bean id="finder2" class="domain.Finder">
		<property name="keyword" value="salon"></property>
		<property name="start" value="May 1, 2019 12:00"></property>
		<property name="end" value="June 25, 2019 21:00"></property>
		<property name="handyWorker" ref="handyWorker2"></property>
	</bean>

	<bean id="finder3" class="domain.Finder">
		<property name="keyword" value="azulejo"></property>
		<property name="maxPrice" value="200.0"></property>
		<property name="minPrice" value="800.0"></property>
		<property name="handyWorker" ref="handyWorker3"></property>
	</bean>

	<bean id="finder4" class="domain.Finder">
		<property name="maxPrice" value="200.0"></property>
		<property name="minPrice" value="2000.0"></property>
		<property name="handyWorker" ref="handyWorker4"></property>
	</bean>

	<!-- ___________________Endorsable__________________________________ <bean 
		id="endorsable1" class="domain.Endorsable"> <property name="score" value="0.75"></property> 
		<property name="endorsements"> <list> <ref bean="endorsement1"></ref> </list> 
		</property> </bean> <bean id="endorsable2" class="domain.Endorsable"> <property 
		name="score" value="-0.75"></property> <property name="endorsements"> <list> 
		<ref bean="endorsement2"></ref> </list> </property> </bean> <bean id="endorsable3" 
		class="domain.Endorsable"> <property name="score" value="0.25"></property> 
		<property name="endorsements"> <list> <ref bean="endorsement3"></ref> </list> 
		</property> </bean> <bean id="endorsable4" class="domain.Endorsable"> <property 
		name="score" value="0.35"></property> <property name="endorsements"> <list> 
		<ref bean="endorsement4"></ref> </list> </property> </bean> -->


	<!-- ___________________Endorsement__________________________________ -->
	<bean id="endorsement1" class="domain.Endorsement">
		<property name="moment" value="February 12, 2017 12:00"></property>
		<property name="comments" value="Estoy muy contenta y todo parece muy bueno excelente fantastico y hermonso ,"></property>
		<property name="sender" ref="customer1"></property>
		<property name="receiver" ref="handyWorker1"></property>

	</bean>

	<bean id="endorsement2" class="domain.Endorsement">
		<property name="moment" value="February 12, 2016 12:00"></property>
		<property name="comments" value="NO estoy muy contenta not not not  this is bad bad malo malisimo"></property>
		<property name="sender" ref="handyWorker2"></property>
		<property name="receiver" ref="customer2"></property>

	</bean>

	<bean id="endorsement3" class="domain.Endorsement">
		<property name="moment" value="January 22, 2016 22:00"></property>
		<property name="comments" value="nada que añadir por aqui"></property>
		<property name="sender" ref="customer3"></property>
		<property name="receiver" ref="handyWorker3"></property>

	</bean>

	<bean id="endorsement4" class="domain.Endorsement">
		<property name="moment" value="December 22, 2017 22:10"></property>
		<property name="comments" value="estoy muy descontento y lo pongo aqui"></property>
		<property name="sender" ref="customer4"></property>
		<property name="receiver" ref="handyWorker4"></property>

	</bean>

	<!-- Sponsor -->

	<bean id="sponsor1" class="domain.Sponsor">
		<property name="name" value="Nacho"></property>
		<property name="middleName" value="Militar"></property>
		<property name="surname" value="Barba"></property>
		<property name="photo"
			value="https://static.boredpanda.com/blog/wp-content/uploads/2014/10/funny-military-soldiers-photos-33__605.jpg"></property>
		<property name="email" value="nachete@hotmail.com"></property>
		<property name="phone" value="+34(456)123456757"></property>
		<property name="address" value="C/ Vietnam"></property>
		<property name="suspicious" value="false"></property>
		<property name="userAccount" ref="userAccount11"></property>
	</bean>

	<bean id="sponsor2" class="domain.Sponsor">
		<property name="name" value="Jesus"></property>
		<property name="middleName" value="Murcia"></property>
		<property name="surname" value="Gomez"></property>
		<property name="photo"
			value="https://cdn.memegenerator.es/imagenes/memes/full/24/87/24874063.jpg"></property>
		<property name="email" value="yisusmurciano@gmail.com"></property>
		<property name="phone" value="+34(456)123456756"></property>
		<property name="address" value="C/ Achoooooo"></property>
		<property name="suspicious" value="false"></property>
		<property name="userAccount" ref="userAccount12"></property>
	</bean>

	<bean id="sponsor3" class="domain.Sponsor">
		<property name="name" value="Javier"></property>
		<property name="middleName" value="JovenJavier"></property>
		<property name="surname" value="Ramirez"></property>
		<property name="photo"
			value="http://blogs.elespectador.com/wp-content/uploads/2015/09/Peter_Pan2.jpg"></property>
		<property name="email" value="ramire@gmail.com"></property>
		<property name="phone" value="+34(456)123456755"></property>
		<property name="address" value="C/ Duero"></property>
		<property name="suspicious" value="false"></property>
		<property name="userAccount" ref="userAccount13">
		</property>
	</bean>


	<!-- Sponsorships -->


	<bean id="sponsorship1" class="domain.Sponsorship">

		<property name="banner" value="http://www.banner.com" />
		<property name="page" value="http://www.page.com" />
		<property name="creditCard">
			<bean name="creditCardSponsorship1" class="domain.CreditCard">
				<property name="holderName" value="Juanito Doe" />
				<property name="brandName" value="VISA" />
				<property name="number" value="4929611293211664" />
				<property name="expirationDate">
					<bean id="expirationDateCreditCard2" factory-bean="completeDateFormat"
						factory-method="parse">
						<constructor-arg value="28/11/2020 23:59:59" />
					</bean>
				</property>
				<property name="cvvCode" value="323" />
			</bean>
		</property>
		<property name="sponsor" ref="sponsor1" />
	</bean>

	<bean id="sponsorship2" class="domain.Sponsorship">

		<property name="banner" value="http://www.banner2.com" />
		<property name="page" value="http://www.page2.com" />
		<property name="creditCard">
			<bean name="creditCardSponsorship2" class="domain.CreditCard">
				<property name="holderName" value="Lule Molina" />
				<property name="brandName" value="VISA" />
				<property name="number" value="4929611293211664" />
				<property name="expirationDate">
					<bean id="expirationDateCreditCard2" factory-bean="completeDateFormat"
						factory-method="parse">
						<constructor-arg value="12/11/2020 23:59:59" />
					</bean>
				</property>
				<property name="cvvCode" value="456" />
			</bean>
		</property>
		<property name="sponsor" ref="sponsor2" />
	</bean>

	<bean id="sponsorship3" class="domain.Sponsorship">

		<property name="banner" value="http://www.banner3.com" />
		<property name="page" value="http://www.page3.com" />
		<property name="creditCard">
			<bean name="creditCardSponsorship3" class="domain.CreditCard">
				<property name="holderName" value="Javier Ramirez" />
				<property name="brandName" value="VISA" />
				<property name="number" value="4929611293211664" />
				<property name="expirationDate">
					<bean id="expirationDateCreditCard2" factory-bean="completeDateFormat"
						factory-method="parse">
						<constructor-arg value="13/11/2020 23:59:59" />
					</bean>
				</property>
				<property name="cvvCode" value="574" />
			</bean>
		</property>
		<property name="sponsor" ref="sponsor3" />
	</bean>

	<!-- Tutorial -->

	<bean id="tutorial1" class="domain.Tutorial">
		<property name="moment" value="02/09/2009" />
		<property name="title" value="Como entrenar a tu dragon" />
		<property name="summary" value="Como se entrenan los dragones" />
		<property name="handyWorker" ref="handyWorker1" />
		<property name="pictures">
			<list>
				<bean id="url1Tutorial1" class="domain.Url">
					<property name="url" value="https://cdn.pixabay.com/user/2015/01/20/20-56-42-330_250x250.jpg" />
				</bean>
				<bean id="url2Tutorial1" class="domain.Url">
					<property name="url" value="https://cdn.pixabay.com/user/2015/01/20/20-56-42-330_250x250.jpg" />
				</bean>
			</list>
		</property>
		<property name="sections">
			<list>
				<ref bean="section1" />
			</list>
		</property>
	</bean>

	<bean id="tutorial2" class="domain.Tutorial">
		<property name="moment" value="12/09/2009" />
		<property name="title" value="Como entrenar a tu dragon 2" />
		<property name="summary" value="Como se entrenan los dragones 2" />
		<property name="handyWorker" ref="handyWorker2" />
		<property name="pictures">
			<list>
				<bean id="url1Tutorial2" class="domain.Url">
					<property name="url" value="https://cdn.pixabay.com/user/2015/01/20/20-56-42-330_250x250.jpg" />
				</bean>
				<bean id="url2Tutorial3" class="domain.Url">
					<property name="url" value="https://cdn.pixabay.com/user/2015/01/20/20-56-42-330_250x250.jpg" />
				</bean>
			</list>
		</property>
		<property name="sections">
			<list>
				<ref bean="section2" />
			</list>
		</property>
	</bean>

	<bean id="tutorial3" class="domain.Tutorial">
		<property name="moment" value="02/09/2011" />
		<property name="title" value="Como entrenar a tu dragon 3" />
		<property name="summary" value="Como se entrenan los dragones 3" />
		<property name="handyWorker" ref="handyWorker3" />
		<property name="pictures">
			<list>
				<bean name="url1Tutorial3" class="domain.Url">
					<property name="url" value="https://cdn.pixabay.com/user/2015/01/20/20-56-42-330_250x250.jpg" />
				</bean>
				<bean name="url2Tutorial3" class="domain.Url">
					<property name="url" value="https://cdn.pixabay.com/user/2015/01/20/20-56-42-330_250x250.jpg" />
				</bean>
			</list>
		</property>
		<property name="sections">
			<list>
				<ref bean="section3" />
			</list>
		</property>
	</bean>

	<!-- Phase -->

	<bean id="phase1" class="domain.Phase">

		<property name="title" value="phase1" />
		<property name="description" value="Coger el telefono antes de hacer nada" />
		<property name="start" value="February 17, 2017 09:30"></property>
		<property name="end" value="February 18, 2017 09:30"></property>
		<property name="workPlan" ref="workPlan1"></property>
	</bean>
	
	<bean id="phase4" class="domain.Phase">
		<property name="title" value="phase4" />
		<property name="description" value="Coger el telefono antes de hacer nada" />
		<property name="start" value="February 17, 2017 09:30"></property>
		<property name="end" value="February 18, 2017 09:30"></property>
		<property name="workPlan" ref="workPlan1"></property>
	</bean>

	<bean id="phase2" class="domain.Phase">
		<property name="title" value="phase2" />
		<property name="description" value="Coger el telefono antes de hacer nada" />
		<property name="start" value="February 16, 2017 09:30"></property>
		<property name="end" value="February 18, 2017 09:30"></property>
		<property name="workPlan" ref="workPlan2"></property>
	</bean>

	<bean id="phase3" class="domain.Phase">
		<property name="title" value="phase3" />
		<property name="description" value="Coger el telefono antes de hacer nada" />
		<property name="start" value="February 15, 2017 09:30"></property>
		<property name="end" value="February 18, 2017 09:30"></property>
		<property name="workPlan" ref="workPlan3"></property>
	</bean>
	
	<bean id="phase5" class="domain.Phase">
		<property name="title" value="phase5" />
		<property name="description" value="Coger el telefono antes de hacer algo" />
		<property name="start" value="February 15, 2017 09:30"></property>
		<property name="end" value="February 18, 2017 09:30"></property>
		<property name="workPlan" ref="workPlan4"></property>
	</bean>
	
	

	<!-- WorkPlan -->


	<bean id="workPlan1" class="domain.WorkPlan">
		<property name="fixupTask" ref="fixupTask1" />
		<property name="handyWorker" ref="handyWorker1" />
		<property name="phases">
			<list>
				<ref bean="phase1" />
				<ref bean="phase4" />
			</list>
		</property>
	</bean>

	<bean id="workPlan2" class="domain.WorkPlan">
		<property name="fixupTask" ref="fixupTask2" />
		<property name="handyWorker" ref="handyWorker2" />
		<property name="phases">
			<list>
				<ref bean="phase2" />
			</list>
		</property>
	</bean>

	<bean id="workPlan3" class="domain.WorkPlan">
		<property name="fixupTask" ref="fixupTask3" />
		<property name="handyWorker" ref="handyWorker3" />
		<property name="phases">
			<list>
				<ref bean="phase3" />
			</list>
		</property>
	</bean>
	
	
	
	<bean id="workPlan4" class="domain.WorkPlan">
		<property name="fixupTask" ref="fixupTask4" />
		<property name="handyWorker" ref="handyWorker4" />
		<property name="phases">
			<list>
				<ref bean="phase5" />
			</list>
		</property>
	</bean>

	<!--____________ FixupTask_________________________________ -->

	<bean id="fixupTask1" class="domain.FixupTask">
		<property name="moment" value="February 16, 2017 09:30"></property>
		<property name="description" value="Hay que arreglar la pata de la silla 4"></property>
		<property name="address" value="C/ Mani Manitas N3"></property>
		<property name="maximumPrice" value="15.00"></property>
		<property name="start" value="February 17, 2017 09:30"></property>
		<property name="end" value="February 18, 2017 09:30"></property>
		<property name="ticker" value="181103-RTIB01" />
		<property name="customer" ref="customer1"></property>
		<property name="category" ref="categoryCarpentry"></property>
		<property name="warranty" ref="warranty1" />
		<property name="applications">
			<list>
				<ref bean="application1" />
			</list>
		</property>
		<property name="complaints">
			<list>
				<ref bean="complaint4" />
			</list>
		</property>
	</bean>

	<bean id="fixupTask6" class="domain.FixupTask">
		<property name="moment" value="February 16, 2017 09:30"></property>
		<property name="description" value="Hay que arreglar la pata de la silla 5"></property>
		<property name="address" value="C/ Mani Manitas N3"></property>
		<property name="maximumPrice" value="132424.12"></property>
		<property name="start" value="February 17, 2018 09:30"></property>
		<property name="end" value="February 18, 2019 09:30"></property>
		<property name="ticker" value="181103-RTIB56" />
		<property name="customer" ref="customer1"></property>
		<property name="category" ref="categoryCarpentry"></property>
		<property name="warranty" ref="warranty1" />
		<property name="applications">
			<list />
		</property>
		<property name="complaints">
			<list />
		</property>
	</bean>

	<bean id="fixupTask2" class="domain.FixupTask">
		<property name="moment" value="October 11, 2017 09:30"></property>
		<property name="description" value="Bombilla rota"></property>
		<property name="address" value="C/ Croquetas de Jamón N3"></property>
		<property name="maximumPrice" value="14.00"></property>
		<property name="start" value="October 12, 2017 09:30"></property>
		<property name="end" value="October 18, 2017 09:30"></property>
		<property name="ticker" value="181103-RTIB02" />
		<property name="customer" ref="customer2"></property>
		<property name="category" ref="categoryCleaning"></property>
		<property name="warranty" ref="warranty2" />
		<property name="applications">
			<list>
				<ref bean="application2" />
				<ref bean="application4" />
				<ref bean="application6" />
			</list>
		</property>
		<property name="complaints">
			<list>
				<ref bean="complaint1" />
				<ref bean="complaint2" />
			</list>
		</property>
	</bean>

	<bean id="fixupTask3" class="domain.FixupTask">
		<property name="moment" value="June 11, 2017 09:30"></property>
		<property name="description" value="Hay que coserle el brazo a Woody"></property>
		<property name="address" value="C/ Toy Story N2"></property>
		<property name="maximumPrice" value="50.00"></property>
		<property name="start" value="June 12, 2017 09:30"></property>
		<property name="end" value="June 18, 2017 09:30"></property>
		<property name="ticker" value="181103-RTIB03" />
		<property name="customer" ref="customer3"></property>
		<property name="category" ref="categoryCarpentry"></property>
		<property name="warranty" ref="warranty3" />
		<property name="applications">
			<list>
				<ref bean="application3" />
				<ref bean="application7" />
			</list>
		</property>
		<property name="complaints">
			<list>
				<ref bean="complaint3" />
			</list>
		</property>
	</bean>
	
	<bean id="fixupTask4" class="domain.FixupTask">
		<property name="moment" value="June 11, 2017 09:30"></property>
		<property name="description" value="Tejer cosas"></property>
		<property name="address" value="C/ Toy Story N2"></property>
		<property name="maximumPrice" value="50.00"></property>
		<property name="start" value="June 12, 2017 09:30"></property>
		<property name="end" value="June 18, 2017 09:30"></property>
		<property name="ticker" value="181103-RTIBA3" />
		<property name="customer" ref="customer4"></property>
		<property name="category" ref="categoryCarpentry"></property>
		<property name="warranty" ref="warranty3" />
		<property name="applications">
			<list>
				<ref bean="application5" />
			</list>
		</property>
		<property name="complaints">
			<list>
			</list>
		</property>
	</bean>
	
	<bean id="fixupTask5" class="domain.FixupTask">
		<property name="moment" value="June 11, 2017 09:30"></property>
		<property name="description" value="Tarea para queries"></property>
		<property name="address" value="C/ Toy Story N2"></property>
		<property name="maximumPrice" value="50.00"></property>
		<property name="start" value="June 12, 2017 09:30"></property>
		<property name="end" value="June 18, 2017 09:30"></property>
		<property name="ticker" value="181103-RTEAS3" />
		<property name="customer" ref="customer1"></property>
		<property name="category" ref="categoryCarpentry"></property>
		<property name="warranty" ref="warranty3" />
		<property name="applications">
			<list>
			</list>
		</property>
		<property name="complaints">
			<list>
				<ref bean="complaint5" />
			</list>
		</property>
	</bean>


	<!-- Warranties -->


	<bean id="warranty1" class="domain.Warranty">
		<property name="title" value="El titulo de Warranty" />
		<property name="terms" value="Terminos, muchos terminos" />
		<property name="laws" value="Leyes,muchas leyes" />
		<property name="draft" value="true" />
	</bean>

	<bean id="warranty2" class="domain.Warranty">
		<property name="title" value="El titulo de Warranty 2" />
		<property name="terms" value="Terminos, muchos terminos 2" />
		<property name="laws" value="Leyes,muchas leyes 2" />
		<property name="draft" value="false" />
	</bean>

	<bean id="warranty3" class="domain.Warranty">
		<property name="title" value="El titulo de Warranty 3" />
		<property name="terms" value="Terminos, muchos terminos 3" />
		<property name="laws" value="Leyes,muchas leyes 3" />
		<property name="draft" value="false" />
	</bean>
	
	<bean id="warranty4" class="domain.Warranty">
		<property name="title" value="El titulo de Warranty 4" />
		<property name="terms" value="Terminos, muchos terminos 4" />
		<property name="laws" value="Leyes,muchas leyes 4" />
		<property name="draft" value="true" />
	</bean>
	
	<bean id="warranty5" class="domain.Warranty">
		<property name="title" value="La Constitución Española" />
		<property name="terms" value="Algo de España y los españoles" />
		<property name="laws" value="Las hicieron en el 78" />
		<property name="draft" value="false" />
	</bean>
	
	<bean id="warranty6" class="domain.Warranty">
		<property name="title" value="La selección natural" />
		<property name="terms" value="Los seres evolucionan" />
		<property name="laws" value="La del mejor adaptado" />
		<property name="draft" value="true" />
	</bean>

	<!-- __________________________________ FOLDER _________________________________ -->

	<!-- Folders del sistema -->
	
	<!--folders del customer1 -->

	<bean id="inboxSystem" class="domain.Folder">
		<property name="name" value="inBox" />
		<property name="system" value="true" />
		<property name="parentFolder" ref="inboxSystem" />
		<property name="actor" ref="system" />
	</bean>

	<bean id="outboxSystem" class="domain.Folder">
		<property name="name" value="outBox" />
		<property name="system" value="true" />
		<property name="parentFolder" ref="outboxSystem" />
		<property name="actor" ref="system" />
	</bean>


	<bean id="trashboxSystem" class="domain.Folder">
		<property name="name" value="trashBox" />
		<property name="system" value="true" />
		<property name="parentFolder" ref="trashboxSystem" />
		<property name="actor" ref="system" />
	</bean>


	<bean id="spamboxSystem" class="domain.Folder">
		<property name="name" value="spamBox" />
		<property name="system" value="true" />
		<property name="parentFolder" ref="spamboxSystem" />
		<property name="actor" ref="system" />
	</bean>

	<!--folders del customer1 -->

	<bean id="folder1Customer1" class="domain.Folder">
		<property name="name" value="inBox" />
		<property name="system" value="true" />
		<property name="parentFolder" ref="folder1Customer1" />
		<property name="actor" ref="customer1" />
	</bean>

	<bean id="folder2Customer1" class="domain.Folder">
		<property name="name" value="outBox" />
		<property name="system" value="true" />
		<property name="parentFolder" ref="folder2Customer1" />
		<property name="actor" ref="customer1" />
	</bean>


	<bean id="folder3Customer1" class="domain.Folder">
		<property name="name" value="trashBox" />
		<property name="system" value="true" />
		<property name="parentFolder" ref="folder3Customer1" />
		<property name="actor" ref="customer1" />
	</bean>


	<bean id="folder4Customer1" class="domain.Folder">
		<property name="name" value="spamBox" />
		<property name="system" value="true" />
		<property name="parentFolder" ref="folder4Customer1" />
		<property name="actor" ref="customer1" />
	</bean>

<bean id="folder5Customer1" class="domain.Folder">
		<property name="name" value="testbox" />
		<property name="system" value="false" />
		<property name="parentFolder" ref="folder5Customer1" />
		<property name="actor" ref="customer1" />
	</bean>
	<!--folders del customer2 -->

	<bean id="folder1Customer2" class="domain.Folder">
		<property name="name" value="inBox" />
		<property name="system" value="true" />
		<property name="parentFolder" ref="folder1Customer2" />
		<property name="actor" ref="customer2" />
	</bean>

	<bean id="folder2Customer2" class="domain.Folder">
		<property name="name" value="outBox" />
		<property name="system" value="true" />
		<property name="parentFolder" ref="folder2Customer2" />
		<property name="actor" ref="customer2" />
	</bean>


	<bean id="folder3Customer2" class="domain.Folder">
		<property name="name" value="trashBox" />
		<property name="system" value="true" />
		<property name="parentFolder" ref="folder3Customer2" />
		<property name="actor" ref="customer2" />
	</bean>


	<bean id="folder4Customer2" class="domain.Folder">
		<property name="name" value="spamBox" />
		<property name="system" value="true" />
		<property name="parentFolder" ref="folder4Customer2" />
		<property name="actor" ref="customer2" />
	</bean>


	<!--folders del customer3 -->

	<bean id="folder1Customer3" class="domain.Folder">
		<property name="name" value="inBox" />
		<property name="system" value="true" />
		<property name="parentFolder" ref="folder1Customer3" />
		<property name="actor" ref="customer3" />
	</bean>

	<bean id="folder2Customer3" class="domain.Folder">
		<property name="name" value="outBox" />
		<property name="system" value="true" />
		<property name="parentFolder" ref="folder2Customer3" />
		<property name="actor" ref="customer3" />
	</bean>


	<bean id="folder3Customer3" class="domain.Folder">
		<property name="name" value="trashBox" />
		<property name="system" value="true" />
		<property name="parentFolder" ref="folder3Customer3" />
		<property name="actor" ref="customer3" />
	</bean>


	<bean id="folder4Customer3" class="domain.Folder">
		<property name="name" value="spamBox" />
		<property name="system" value="true" />
		<property name="parentFolder" ref="folder4Customer3" />
		<property name="actor" ref="customer3" />
	</bean>


	<!--folders del customer4 -->

	<bean id="folder1Customer4" class="domain.Folder">
		<property name="name" value="inBox" />
		<property name="system" value="true" />
		<property name="parentFolder" ref="folder1Customer4" />
		<property name="actor" ref="customer4" />
	</bean>

	<bean id="folder2Customer4" class="domain.Folder">
		<property name="name" value="outBox" />
		<property name="system" value="true" />
		<property name="parentFolder" ref="folder2Customer4" />
		<property name="actor" ref="customer4" />
	</bean>


	<bean id="folder3Customer4" class="domain.Folder">
		<property name="name" value="trashBox" />
		<property name="system" value="true" />
		<property name="parentFolder" ref="folder3Customer4" />
		<property name="actor" ref="customer4" />
	</bean>


	<bean id="folder4Customer4" class="domain.Folder">
		<property name="name" value="spamBox" />
		<property name="system" value="true" />
		<property name="parentFolder" ref="folder4Customer4" />
		<property name="actor" ref="customer4" />
	</bean>


	<!--folders del HandyWorker1 -->

	<bean id="folder1HandyWorker1" class="domain.Folder">
		<property name="name" value="inBox" />
		<property name="system" value="true" />
		<property name="parentFolder" ref="folder1HandyWorker1" />
		<property name="actor" ref="handyWorker1" />
	</bean>

	<bean id="folder2HandyWorker1" class="domain.Folder">
		<property name="name" value="outBox" />
		<property name="system" value="true" />
		<property name="parentFolder" ref="folder2HandyWorker1" />
		<property name="actor" ref="handyWorker1" />
	</bean>


	<bean id="folder3HandyWorker1" class="domain.Folder">
		<property name="name" value="trashBox" />
		<property name="system" value="true" />
		<property name="parentFolder" ref="folder3HandyWorker1" />
		<property name="actor" ref="handyWorker1" />
	</bean>


	<bean id="folder4HandyWorker1" class="domain.Folder">
		<property name="name" value="spamBox" />
		<property name="system" value="true" />
		<property name="parentFolder" ref="folder4HandyWorker1" />
		<property name="actor" ref="handyWorker1" />
	</bean>


	<!--folders del HandyWorker2 -->

	<bean id="folder1HandyWorker2" class="domain.Folder">
		<property name="name" value="inBox" />
		<property name="system" value="true" />
		<property name="parentFolder" ref="folder1HandyWorker2" />
		<property name="actor" ref="handyWorker2" />
	</bean>

	<bean id="folder2HandyWorker2" class="domain.Folder">
		<property name="name" value="outBox" />
		<property name="system" value="true" />
		<property name="parentFolder" ref="folder2HandyWorker2" />
		<property name="actor" ref="handyWorker2" />
	</bean>

	<bean id="folder3HandyWorker2" class="domain.Folder">
		<property name="name" value="trashBox" />
		<property name="system" value="true" />
		<property name="parentFolder" ref="folder3HandyWorker2" />
		<property name="actor" ref="handyWorker2" />
	</bean>

	<bean id="folder4HandyWorker2" class="domain.Folder">
		<property name="name" value="spamBox" />
		<property name="system" value="true" />
		<property name="parentFolder" ref="folder4HandyWorker2" />
		<property name="actor" ref="handyWorker2" />
	</bean>

	<!--folders del HandyWorker3 -->

	<bean id="folder1HandyWorker3" class="domain.Folder">
		<property name="name" value="inBox" />
		<property name="system" value="true" />
		<property name="parentFolder" ref="folder1HandyWorker3" />
		<property name="actor" ref="handyWorker3" />
	</bean>

	<bean id="folder2HandyWorker3" class="domain.Folder">
		<property name="name" value="outBox" />
		<property name="system" value="true" />
		<property name="parentFolder" ref="folder2HandyWorker3" />
		<property name="actor" ref="handyWorker3" />
	</bean>

	<bean id="folder3HandyWorker3" class="domain.Folder">
		<property name="name" value="trashBox" />
		<property name="system" value="true" />
		<property name="parentFolder" ref="folder3HandyWorker3" />
		<property name="actor" ref="handyWorker3" />
	</bean>

	<bean id="folder4HandyWorker3" class="domain.Folder">
		<property name="name" value="spamBox" />
		<property name="system" value="true" />
		<property name="parentFolder" ref="folder4HandyWorker3" />
		<property name="actor" ref="handyWorker3" />
	</bean>

	<!--folders del HandyWorker4 -->

	<bean id="folder1HandyWorker4" class="domain.Folder">
		<property name="name" value="inBox" />
		<property name="system" value="true" />
		<property name="parentFolder" ref="folder1HandyWorker4" />
		<property name="actor" ref="handyWorker4" />
	</bean>

	<bean id="folder2HandyWorker4" class="domain.Folder">
		<property name="name" value="outBox" />
		<property name="system" value="true" />
		<property name="parentFolder" ref="folder2HandyWorker4" />
		<property name="actor" ref="handyWorker4" />
	</bean>


	<bean id="folder3HandyWorker4" class="domain.Folder">
		<property name="name" value="trashBox" />
		<property name="system" value="true" />
		<property name="parentFolder" ref="folder3HandyWorker4" />
		<property name="actor" ref="handyWorker4" />
	</bean>


	<bean id="folder4HandyWorker4" class="domain.Folder">
		<property name="name" value="spamBox" />
		<property name="system" value="true" />
		<property name="parentFolder" ref="folder4HandyWorker4" />
		<property name="actor" ref="handyWorker4" />
	</bean>


	<!--folders del Referee1 -->

	<bean id="folder1Referee1" class="domain.Folder">
		<property name="name" value="inBox" />
		<property name="system" value="true" />
		<property name="parentFolder" ref="folder1Referee1" />
		<property name="actor" ref="referee1" />
	</bean>

	<bean id="folder2Referee1" class="domain.Folder">
		<property name="name" value="outBox" />
		<property name="system" value="true" />
		<property name="parentFolder" ref="folder2Referee1" />
		<property name="actor" ref="referee1" />
	</bean>


	<bean id="folder3Referee1" class="domain.Folder">
		<property name="name" value="trashBox" />
		<property name="system" value="true" />
		<property name="parentFolder" ref="folder3Referee1" />
		<property name="actor" ref="referee1" />
	</bean>


	<bean id="folder4Referee1" class="domain.Folder">
		<property name="name" value="spamBox" />
		<property name="system" value="true" />
		<property name="parentFolder" ref="folder4Referee1" />
		<property name="actor" ref="referee1" />
	</bean>

	<!-- folders del Sponsor1 -->

	<bean id="folder1Sponsor1" class="domain.Folder">
		<property name="name" value="inBox" />
		<property name="system" value="true" />
		<property name="parentFolder" ref="folder1Sponsor1" />
		<property name="actor" ref="sponsor1" />
	</bean>

	<bean id="folder2Sponsor1" class="domain.Folder">
		<property name="name" value="outBox" />
		<property name="system" value="true" />
		<property name="parentFolder" ref="folder2Sponsor1" />
		<property name="actor" ref="sponsor1" />
	</bean>

	<bean id="folder3Sponsor1" class="domain.Folder">
		<property name="name" value="trashBox" />
		<property name="system" value="true" />
		<property name="parentFolder" ref="folder3Sponsor1" />
		<property name="actor" ref="sponsor1" />
	</bean>


	<bean id="folder4Sponsor1" class="domain.Folder">
		<property name="name" value="spamBox" />
		<property name="system" value="true" />
		<property name="parentFolder" ref="folder4Sponsor1" />
		<property name="actor" ref="sponsor1" />
	</bean>

	<!-- folders del Sponsor2 -->

	<bean id="folder1Sponsor2" class="domain.Folder">
		<property name="name" value="inBox" />
		<property name="system" value="true" />
		<property name="parentFolder" ref="folder1Sponsor2" />
		<property name="actor" ref="sponsor2" />
	</bean>

	<bean id="folder2Sponsor2" class="domain.Folder">
		<property name="name" value="outBox" />
		<property name="system" value="true" />
		<property name="parentFolder" ref="folder2Sponsor2" />
		<property name="actor" ref="sponsor2" />
	</bean>

	<bean id="folder3Sponsor2" class="domain.Folder">
		<property name="name" value="trashBox" />
		<property name="system" value="true" />
		<property name="parentFolder" ref="folder3Sponsor2" />
		<property name="actor" ref="sponsor2" />
	</bean>


	<bean id="folder4Sponsor2" class="domain.Folder">
		<property name="name" value="spamBox" />
		<property name="system" value="true" />
		<property name="parentFolder" ref="folder4Sponsor2" />
		<property name="actor" ref="sponsor2" />
	</bean>


	<!-- folders del Sponsor3 -->

	<bean id="folder1Sponsor3" class="domain.Folder">
		<property name="name" value="inBox" />
		<property name="system" value="true" />
		<property name="parentFolder" ref="folder1Sponsor3" />
		<property name="actor" ref="sponsor3" />
	</bean>

	<bean id="folder2Sponsor3" class="domain.Folder">
		<property name="name" value="outBox" />
		<property name="system" value="true" />
		<property name="parentFolder" ref="folder2Sponsor3" />
		<property name="actor" ref="sponsor3" />
	</bean>

	<bean id="folder3Sponsor3" class="domain.Folder">
		<property name="name" value="trashBox" />
		<property name="system" value="true" />
		<property name="parentFolder" ref="folder3Sponsor3" />
		<property name="actor" ref="sponsor3" />
	</bean>


	<bean id="folder4Sponsor3" class="domain.Folder">
		<property name="name" value="spamBox" />
		<property name="system" value="true" />
		<property name="parentFolder" ref="folder4Sponsor3" />
		<property name="actor" ref="sponsor3" />
	</bean>

	<!-- folders del administrator1 -->

	<bean id="folder1Administrator1" class="domain.Folder">
		<property name="name" value="inBox" />
		<property name="system" value="true" />
		<property name="parentFolder" ref="folder1Administrator1" />
		<property name="actor" ref="administrator1" />
	</bean>

	<bean id="folder2Administrator1" class="domain.Folder">
		<property name="name" value="outBox" />
		<property name="system" value="true" />
		<property name="parentFolder" ref="folder2Administrator1" />
		<property name="actor" ref="administrator1" />
	</bean>

	<bean id="folder3Administrator1" class="domain.Folder">
		<property name="name" value="trashBox" />
		<property name="system" value="true" />
		<property name="parentFolder" ref="folder3Administrator1" />
		<property name="actor" ref="administrator1" />
	</bean>


	<bean id="folder4Administrator1" class="domain.Folder">
		<property name="name" value="spamBox" />
		<property name="system" value="true" />
		<property name="parentFolder" ref="folder4Administrator1" />
		<property name="actor" ref="administrator1" />
	</bean>




	<!-- folders del administrator2 -->

	<bean id="folder1Administrator2" class="domain.Folder">
		<property name="name" value="inBox" />
		<property name="system" value="true" />
		<property name="parentFolder" ref="folder1Administrator2" />
		<property name="actor" ref="administrator2" />
	</bean>

	<bean id="folder2Administrator2" class="domain.Folder">
		<property name="name" value="outBox" />
		<property name="system" value="true" />
		<property name="parentFolder" ref="folder2Administrator2" />
		<property name="actor" ref="administrator2" />
	</bean>

	<bean id="folder3Administrator2" class="domain.Folder">
		<property name="name" value="trashBox" />
		<property name="system" value="true" />
		<property name="parentFolder" ref="folder3Administrator2" />
		<property name="actor" ref="administrator2" />
	</bean>

	<bean id="folder4Administrator2" class="domain.Folder">
		<property name="name" value="spamBox" />
		<property name="system" value="true" />
		<property name="parentFolder" ref="folder4Administrator2" />
		<property name="actor" ref="administrator2" />
	</bean>

	<!-- ___________________Sections___________________________________ -->
	<bean id="section1" class="domain.Section">
		<property name="title" value="Benhill County GaArchives Historical Records"></property>
		<property name="text" value="Text 1"></property>
		<property name="pictures">
			<bean id="url1Section1" class="domain.Url">
				<property name="url" value="http://www.genrecords.org/mofiles/exms.html" />
			</bean>
		</property>
		<property name="numberOrder" value="0"></property>
		<property name="tutorial" ref="tutorial1" />
	</bean>

	<bean id="section2" class="domain.Section">
		<property name="title" value="Benhill County GArchives Historical Records"></property>
		<property name="text" value="Text 2"></property>
		<property name="pictures" >
			<bean id="url1Section2" class="domain.Url">
				<property name="url" value="http://www.genrecords.org/mofiles/exms.html" />
			</bean>
		</property>
		<property name="numberOrder" value="3"></property>
		<property name="tutorial" ref="tutorial2" />
	</bean>

	<bean id="section3" class="domain.Section">
		<property name="title" value="Example section 3"></property>
		<property name="text" value="Text 3"></property>
		<property name="pictures" >
			<bean id="url1Section3" class="domain.Url">
				<property name="url" value="http://www.genrecords.org/mofiles/exms.html" />
			</bean>
		</property>
		<property name="numberOrder" value="3"></property>
		<property name="tutorial" ref="tutorial3" />
	</bean>


	<!-- __________________________Settings_______________________________________________  -->
		
		<bean id="settings1" class="domain.Settings"> 
			<property name="systemName" value="Acme Handy Worker"></property> 
			<property name="banner" value="https://tinyurl.com/acme-handy-worker-logo"></property> 
			<property name="welcomeMessageEnglish" value="Welcome to Acme Handy Worker! Price, quality, and trust in a single place"></property> 
			<property name="welcomeMessageSpanish" value="¡Bienvenidos a Acme Handy Worker! Precio, calidad y confianza en el mismo sitio"></property>
			<property name="spamWords">
				<list>
					<value>sex</value>
					<value>viagra</value>
					<value>cialis</value>
					<value>one million</value>
					<value>you've been selected</value>
					<value>Nigeria</value>
					<value>sexo</value>
					<value>un millón</value>
					<value>ha sido seleccionado</value>
				</list>
			</property> 
			<property name="vat" value="21"></property> 
			<property name="countryCode" value="+34"></property> 
			<property name="creditCardMakes">
				<list>
					<value>VISA</value>
					<value>MASTER</value>
					<value>DINNERS</value>
					<value>AMEX</value>
				</list>
			</property> 
			<property name="finderCacheHours" value="1"></property> 
			<property name="maxCacheResults" value="10"></property> 
			<property name="positiveWords">
				<list>
					<value>good</value>
					<value>fantastic</value>
					<value>excellent</value>
					<value>great</value>
					<value>amazing</value>
					<value>terrific</value>
					<value>beautiful</value>
					<value>bueno</value>
					<value>fantástico</value>
					<value>buena</value>
					<value>fantástica</value>
					<value>excelente</value>
					<value>gran</value>
					<value>increíble</value>
					<value>terrorífico</value>
					<value>hermoso</value>
					<value>terrorífica</value>
					<value>hermosa</value>
				</list>
			</property> 
			<property name="negativeWords">
				<list>
					<value>not</value>
					<value>bad</value>
					<value>horrible</value>
					<value>average</value>
					<value>disaster</value>
					<value>no</value>
					<value>malo</value>
					<value>mala</value>
					<value>horrible</value>
					<value>mediocre</value>
					<value>desastre</value>
				</list>
			</property> 
		</bean>

	<!-- _______________________________SocialProfile________________________________________________ -->
	<bean id="socialProfile1" class="domain.SocialProfile">
		<property name="nick" value="Manolete"></property>
		<property name="networkName" value="Twitter"></property>
		<property name="actor" ref="handyWorker1" />
		<property name="profile" value="https://profile.es/"></property>
	</bean>

	<bean id="socialProfile2" class="domain.SocialProfile">
		<property name="nick" value="Manolete2"></property>
		<property name="networkName" value="Twitter"></property>
		<property name="actor" ref="handyWorker2" />
		<property name="profile" value="https://profile.es/"></property>
	</bean>

	<bean id="socialProfile3" class="domain.SocialProfile">
		<property name="nick" value="Manolete3"></property>
		<property name="networkName" value="Twitter"></property>
		<property name="actor" ref="handyWorker3" />
		<property name="profile" value="https://profile.es/"></property>
	</bean>

	<bean id="socialProfile1Admin1" class="domain.SocialProfile">
		<property name="nick" value="Manolete4"></property>
		<property name="networkName" value="Twitter"></property>
		<property name="actor" ref="administrator1" />
		<property name="profile" value="https://profile.es/"></property>
	</bean>

	<bean id="socialProfile2Admin1" class="domain.SocialProfile">
		<property name="nick" value="Manolete5"></property>
		<property name="networkName" value="Twitter"></property>
		<property name="actor" ref="administrator1" />
		<property name="profile" value="https://profile.es/"></property>
	</bean>

<bean id="socialProfileCustomer1" class="domain.SocialProfile">
		<property name="nick" value="Alfonso"></property>
		<property name="networkName" value="Twitter"></property>
		<property name="actor" ref="customer1" />
		<property name="profile" value="https://profile.es/"></property>
	</bean>
	
	<bean id="socialProfile2Customer1" class="domain.SocialProfile">
		<property name="nick" value="AlfonsoFB"></property>
		<property name="networkName" value="Facebook"></property>
		<property name="actor" ref="customer1" />
		<property name="profile" value="https://profile.es/"></property>
	</bean>
	
	<bean id="socialProfile3Customer1" class="domain.SocialProfile">
		<property name="nick" value="Alfonsito_guapete"></property>
		<property name="networkName" value="Tinder"></property>
		<property name="actor" ref="customer1" />
		<property name="profile" value="https://profile.es/"></property>
	</bean>

	<bean id="socialProfile4Customer1" class="domain.SocialProfile">
		<property name="nick" value="Alfonsitx"></property>
		<property name="networkName" value="Tumblr"></property>
		<property name="actor" ref="customer1" />
		<property name="profile" value="https://profile.es/"></property>
	</bean>

	<!-- _______________________________________HANDYWORKER ______________________________________________ -->


	<bean id="handyWorker1" class="domain.HandyWorker">
		<property name="name" value="Antonio"></property>
		<property name="middleName" value="Grinch"></property>
		<property name="surname" value="Papp"></property>
		<property name="photo"
			value="https://www.cinetecamadrid.com/sites/default/files/activity/image/imagen_EL_GRINCH00_0.jpg"></property>
		<property name="email" value="elgrinch@hotmail.com"></property>
		<property name="phone" value="+34(456)123456754"></property>
		<property name="address" value="C/ Polo Norte"></property>
		<property name="suspicious" value="false"></property>
		<property name="score" value="0.95"></property>
		<property name="userAccount" ref="userAccount14"></property>
		<property name="make" value="Antonio Grinch Papp"></property>
	</bean>

	<bean id="handyWorker2" class="domain.HandyWorker">
		<property name="name" value="Luis"></property>
		<property name="middleName" value="Pokemaniako"></property>
		<property name="surname" value="Zumarraga"></property>
		<property name="photo"
			value="https://cdn.memegenerator.es/imagenes/memes/full/16/43/16433834.jpg"></property>
		<property name="email" value="pokeluisito@hotmail.com"></property>
		<property name="phone" value="+34(456)123456753"></property>
		<property name="address" value="C/ Rataland"></property>
		<property name="suspicious" value="false"></property>
		<property name="score" value="0.85"></property>
		<property name="userAccount" ref="userAccount8"></property>
		<property name="make" value="Luis Pokemaniako Zumarraga"></property>
	</bean>

	<bean id="handyWorker3" class="domain.HandyWorker">
		<property name="name" value="Javi"></property>
		<property name="middleName" value="Rmano"></property>
		<property name="surname" value="Camunia"></property>
		<property name="photo"
			value="https://misanimales.com/wp-content/uploads/2018/05/curiosidades-del-perezoso.jpg"></property>
		<property name="email" value="camunon@hotmail.com"></property>
		<property name="phone" value="+34(456)123456752"></property>
		<property name="address" value="C/ Lovaina"></property>
		<property name="suspicious" value="false"></property>
		<property name="score" value="0.75"></property>
		<property name="userAccount" ref="userAccount9">
		</property>
		<property name="make" value="Javi Rmano Camunia"></property>
	</bean>

	<bean id="handyWorker4" class="domain.HandyWorker">
		<property name="name" value="Tobias"></property>
		<property name="middleName" value="Elpen"></property>
		<property name="surname" value="Feliz"></property>
		<property name="photo"
			value="https://www.peluchetes.com/contenido/uploads/2015/08/peluche-perro-salchicha.jpg"></property>
		<property name="email" value="tobi@hotmail.com"></property>
		<property name="phone" value="+34(456)123456751"></property>
		<property name="address" value="C/ Reja"></property>
		<property name="suspicious" value="false"></property>
		<property name="score" value="0.66"></property>
		<property name="userAccount" ref="userAccount10"></property>
		<property name="make" value="Tobias Elpen Feliz"></property>
	</bean>



	<!--__________________________MESSAGES _________________________________ -->




	<!-- message1 ====> HW1 TO CUST1 -->

	<bean id="message1" class="domain.Message">
		<property name="moment" value="July 12, 2017 12:00"></property>
		<property name="subject" value="Asunto1"></property>
		<property name="body" value="Cuerpo del mensaje 1"></property>
		<property name="priority" value="NEUTRAL"></property>
		<property name="tags">
			<list></list>
		</property>
		<property name="folder">
			<ref bean="folder1Customer1" />
		</property>
		<property name="sender" ref="handyWorker1"></property>
		<property name="receiver" ref="customer1"></property>
	</bean>
	
	<bean id="message1b" class="domain.Message">
		<property name="moment" value="July 12, 2017 12:00"></property>
		<property name="subject" value="Asunto1"></property>
		<property name="body" value="Cuerpo del mensaje 1"></property>
		<property name="priority" value="NEUTRAL"></property>
		<property name="tags">
			<list></list>
		</property>
		<property name="folder">
			<ref bean="folder2HandyWorker1" />
		</property>
		<property name="sender" ref="handyWorker1"></property>
		<property name="receiver" ref="customer1"></property>
	</bean>


	<!-- message2 ====> CUST2 TO HW2 -->

	<bean id="message2" class="domain.Message">
		<property name="moment" value="July 13, 2017 12:00"></property>
		<property name="subject" value="Asunto2"></property>
		<property name="body" value="Cuerpo del mensaje 2"></property>
		<property name="priority" value="HIGH"></property>
		<property name="tags">
			<list></list>
		</property>
		<property name="folder">
			<ref bean="folder1HandyWorker2" />
		</property>
		<property name="sender" ref="customer2"></property>
		<property name="receiver" ref="handyWorker2"></property>

	</bean>
	
	<bean id="message2b" class="domain.Message">
		<property name="moment" value="July 13, 2017 12:00"></property>
		<property name="subject" value="Asunto2"></property>
		<property name="body" value="Cuerpo del mensaje 2"></property>
		<property name="priority" value="HIGH"></property>
		<property name="tags">
			<list></list>
		</property>
		<property name="folder">
			<ref bean="folder2Customer2" />
		</property>
		<property name="sender" ref="customer2"></property>
		<property name="receiver" ref="handyWorker2"></property>

	</bean>

	<!-- message3 ====> CUST3 TO HW3 -->

	<bean id="message3" class="domain.Message">
		<property name="moment" value="July 14, 2017 12:00"></property>
		<property name="subject" value="Asunto3"></property>
		<property name="body" value="Cuerpo del mensaje 3"></property>
		<property name="priority" value="LOW"></property>
		<property name="tags">
			<list></list>
		</property>
		<property name="folder">
			<ref bean="folder1HandyWorker3" />
		</property>
		<property name="sender" ref="customer3"></property>
		<property name="receiver" ref="handyWorker3"></property>

	</bean>

	<bean id="message3b" class="domain.Message">
		<property name="moment" value="July 14, 2017 12:00"></property>
		<property name="subject" value="Asunto3"></property>
		<property name="body" value="Cuerpo del mensaje 3"></property>
		<property name="priority" value="LOW"></property>
		<property name="tags">
			<list></list>
		</property>
		<property name="folder">
			<ref bean="folder2Customer3" />
		</property>
		<property name="sender" ref="customer3"></property>
		<property name="receiver" ref="handyWorker3"></property>

	</bean>

	<!-- ______________________________NOTE______________________________________ -->


	<bean id="note1" class="domain.Note">
		<property name="moment" value="June 25, 2017 21:00"></property>
		<property name="comments" value="Es un comentario de la nota 1"></property>
		<property name="report" ref="report1"></property>
	</bean>

	<bean id="note2" class="domain.Note">
		<property name="moment" value="June 22, 2017 21:00"></property>
		<property name="comments" value="Es un comentario de la nota 2"></property>
		<property name="report" ref="report2"></property>
	</bean>
	
	<bean id="note3" class="domain.Note">
		<property name="moment" value="June 21, 2017 21:00"></property>
		<property name="comments" value="Es un comentario de la nota 3"></property>
		<property name="report" ref="report2"></property>
	</bean>

	<bean id="educationRecord1" class="domain.EducationRecord">
		<property name="diplomaTitle" value="Bachillerato"></property>
		<property name="start" value="February 6, 2010 09:30"></property>
		<property name="end" value="May 29, 2012 15:00"></property>
		<property name="institution" value="Academia Preuniversitaria"></property>
		<property name="attachment" value="https://www.lifewire.com/thmb/-h08oONgxcBRcaYOTiMuJd8ogVU=/768x0/filters:no_upscale():max_bytes(150000):strip_icc()/GettyImages-469187056-57cdf0a45f9b5829f4457c9a.jpg"></property>
		<property name="comments" value="Un cinco pelao he sacao."></property>
		<property name="curriculum" ref="curriculum1" />
	</bean>
				
	<bean id="educationRecord2" class="domain.EducationRecord">
		<property name="diplomaTitle" value="Bachillerato"></property>
		<property name="start" value="February 22, 2010 09:30"></property>
		<property name="end" value="May 29, 2012 15:02"></property>
		<property name="institution" value="Academia militar"></property>
		<property name="attachment" value="https://www.lifewire.com/thmb/-h08oONgxcBRcaYOTiMuJd8ogVU=/768x0/filters:no_upscale():max_bytes(150000):strip_icc()/GettyImages-469187056-57cdf0a45f9b5829f4457c9a.jpg"></property>
		<property name="comments" value="He peloteado que da gusto."></property>
		<property name="curriculum" ref="curriculum1" />
	</bean>
	
	<bean id="educationRecord3" class="domain.EducationRecord">
		<property name="diplomaTitle" value="ESO"></property>
		<property name="start" value="December 12, 2014 19:30"></property>
		<property name="end" value="May 29, 2016 15:02"></property>
		<property name="institution" value="Academia eclesiastica Satanas por aqui no vengas mas"></property>
		<property name="attachment" value="https://www.lifewire.com/thmb/-h08oONgxcBRcaYOTiMuJd8ogVU=/768x0/filters:no_upscale():max_bytes(150000):strip_icc()/GettyImages-469187056-57cdf0a45f9b5829f4457c9a.jpg"></property>
		<property name="comments" value="Cuidado con los curas"></property>
		<property name="curriculum" ref="curriculum2" />
	</bean>
	
	<bean id="educationRecord4" class="domain.EducationRecord">
		<property name="diplomaTitle" value="ESO"></property>
		<property name="start" value="December 15, 2013 09:30"></property>
		<property name="end" value="May 29, 2016 15:02"></property>
		<property name="institution" value="Academia Satanica Satanas por aqui no ven mas"></property>
		<property name="attachment" value="https://www.lifewire.com/thmb/-h08oONgxcBRcaYOTiMuJd8ogVU=/768x0/filters:no_upscale():max_bytes(150000):strip_icc()/GettyImages-469187056-57cdf0a45f9b5829f4457c9a.jpg"></property>
		<property name="comments" value="Cuidado con los fanaticos de satanas"></property>
		<property name="curriculum" ref="curriculum3" />
	</bean>
				
	<bean id="endorserRecord1" class="domain.EndorserRecord">
		<property name="fullName" value="Lipasam"></property>
		<property name="photo" value="https://cdn.pixabay.com/user/2015/01/20/20-56-42-330_250x250.jpg"></property>
		<property name="email" value="lipasam@gmail.es"></property>
		<property name="phone" value="+34(456)123456713"></property>
		<property name="linkedinProfile" value="http://www.linkedin.com/in/lipasam"></property>
		<property name="curriculum" ref="curriculum1" />
	</bean>
				
	<bean id="endorserRecord2" class="domain.EndorserRecord">
		<property name="fullName" value="Emasesa"></property>
		<property name="photo" value="https://cdn.pixabay.com/user/2015/01/20/20-56-42-330_250x250.jpg"></property>
		<property name="email" value="Emasesa@gmail.es"></property>
		<property name="phone" value="+34(456)123456712"></property>
		<property name="linkedinProfile" value="http://www.linkedin.com/in/emasesa"></property>
		<property name="curriculum" ref="curriculum1" />
	</bean>
				
	<bean id="endorserRecord3" class="domain.EndorserRecord">
		<property name="fullName" value="Vips"></property>
		<property name="photo" value="https://cdn.pixabay.com/user/2015/01/20/20-56-42-330_250x250.jpg"></property>
		<property name="email" value="vips@gmail.es"></property>
		<property name="phone" value="+34(456)123456711"></property>
		<property name="linkedinProfile" value="http://www.linkedin.com/in/emasesa"></property>
		<property name="curriculum" ref="curriculum2" />
	</bean>
 
 	<bean id="endorserRecord4" class="domain.EndorserRecord">
		<property name="fullName" value="Disney"></property>
		<property name="photo" value="https://cdn.pixabay.com/user/2015/01/20/20-56-42-330_250x250.jpg"></property>
		<property name="email" value="disneyfantasy@gmail.es"></property>
		<property name="phone" value="+34(456)1234567"></property>
		<property name="linkedinProfile" value="http://www.linkedin.com/in/disney"></property>
		<property name="curriculum" ref="curriculum3" />
	</bean>
	
	<bean id="professionalRecord1" class="domain.ProfessionalRecord">
		<property name="company" value="NASA"></property>
		<property name="start" value="February 6, 2010 09:30"></property>
		<property name="end" value="May 29, 2012 15:00"></property>
		<property name="role" value="Jefe"></property>
		<property name="attachment" value="https://www.lifewire.com/thmb/-h08oONgxcBRcaYOTiMuJd8ogVU=/768x0/filters:no_upscale():max_bytes(150000):strip_icc()/GettyImages-469187056-57cdf0a45f9b5829f4457c9a.jpg"></property>
		<property name="comments" value="Trabajo tela de bien"></property>
		<property name="curriculum" ref="curriculum1" />
	</bean>
 
 	<bean id="miscellaneousRecord1" class="domain.MiscellaneousRecord">
		<property name="title" value="Benhill County GaArchives Historical Records"></property>
		<property name="attachment" value="http://www.genrecords.org/mofiles/exms.html"></property>
		<property name="comments" value="Muy interesante"></property>
		<property name="curriculum" ref="curriculum1" />
	</bean>
 
 	<bean id="miscellaneousRecord2" class="domain.MiscellaneousRecord">
		<property name="title" value="Death Certificate of John Doe 1930"></property>
		<property name="attachment" value="http://www.genrecords.org/mofiles/exms.html"></property>
		<property name="comments" value="Poco interesante"></property>
		<property name="curriculum" ref="curriculum1" />
	</bean>
 
 	<bean id="personalRecord1" class="domain.PersonalRecord">
		<property name="fullName" value="Antonio Grinch Papp"></property>
		<property name="photo" value="https://www.cinetecamadrid.com/sites/default/files/activity/image/imagen_EL_GRINCH00_0.jpg"></property>
		<property name="email" value="elgrinch@hotmail.com"></property>
		<property name="phone" value="+34(456)123456722"></property>
		<property name="linkedinProfile" value="https://www.linkedin.com/company/grinch.spielverderber"></property>	
		<property name="curriculum" ref="curriculum1" />	
	</bean>
 
 	<bean id="personalRecord2" class="domain.PersonalRecord">
		<property name="fullName" value="Luis Pokemaniako Zumarraga"></property>
		<property name="photo" value="https://cdn.memegenerator.es/imagenes/memes/full/16/43/16433834.jpg"></property>
		<property name="email" value="pokeluisito@hotmail.com"></property>
		<property name="phone" value="+34(456)123456721"></property>
		<property name="linkedinProfile" value="https://www.linkedin.com/company/grinch.spielverderber"></property>
		<property name="curriculum" ref="curriculum2" />
	</bean>
 
 	<bean id="personalRecord3" class="domain.PersonalRecord">
		<property name="fullName" value="Javi Rmano Camunia"></property>
		<property name="photo" value="https://misanimales.com/wp-content/uploads/2018/05/curiosidades-del-perezoso.jpg"></property>
		<property name="email" value="camunon@hotmail.com"></property>
		<property name="phone" value="+34(456)123456720"></property>
		<property name="linkedinProfile" value="https://www.linkedin.com/company/grinch.spielverderber"></property>
		<property name="curriculum" ref="curriculum3" />
	</bean>	
 
 	<bean id="personalRecord4" class="domain.PersonalRecord">
		<property name="fullName" value="Tobias Elpen Feliz"></property>
		<property name="photo" value="https://www.peluchetes.com/contenido/uploads/2015/08/peluche-perro-salchicha.jpg"></property>
		<property name="email" value="tobi@hotmail.com"></property>
		<property name="phone" value="+34(456)123456719"></property>
		<property name="linkedinProfile" value="https://www.linkedin.com"></property>
		<property name="curriculum" ref="curriculum4" />
	</bean>
 
 	<bean id="curriculum1" class="domain.Curriculum">
		<property name="ticker" value="181101-AC34DF" />
		<property name="handyWorker" ref="handyWorker1" />
		<property name="personalRecord" ref="personalRecord1"></property>
		<property name="educationRecords">
			<list>
			</list>
		</property>
		<property name="professionalRecords">
			<list>
			</list>
		</property>
		<property name="endorserRecords">
			<list>
			</list>
		</property>
		<property name="miscellaneousRecords">
			<list>
			</list>
		</property>
	</bean>

	<bean id="curriculum2" class="domain.Curriculum">
		<property name="ticker" value="180321-ALONSO" />
		<property name="handyWorker" ref="handyWorker2" />
		<property name="personalRecord" ref="personalRecord2"></property>
		<property name="educationRecords">
			<list>
			</list>
		</property>
		<property name="professionalRecords">
			<list></list>
		</property>
		<property name="endorserRecords">
			<list>
			</list>
		</property>
		<property name="miscellaneousRecords">
			<list></list>
		</property>
	</bean>

	<bean id="curriculum3" class="domain.Curriculum">
		<property name="ticker" value="170730-F24RAN" />
		<property name="handyWorker" ref="handyWorker3" />
		<property name="personalRecord" ref="personalRecord3"></property>
		<property name="educationRecords">
			<list>
			</list>
		</property>
		<property name="professionalRecords">
			<list></list>
		</property>
		<property name="endorserRecords">
			<list>
			</list>
		</property>
		<property name="miscellaneousRecords">
			<list></list>
		</property>
	</bean>

	<bean id="curriculum4" class="domain.Curriculum">
		<property name="ticker" value="101010-F24RAE" />
		<property name="handyWorker" ref="handyWorker4" />
		<property name="personalRecord" ref="personalRecord4"></property>
		<property name="educationRecords">
			<list>
			</list>
		</property>
		<property name="professionalRecords">
			<list></list>
		</property>
		<property name="endorserRecords">
			<list></list>
		</property>
		<property name="miscellaneousRecords">
			<list></list>
		</property>
	</bean>
 	
</beans>
